Country,agr_land,land_area,Birth Rate,cap_city,Co2,CPI,CPI_change,fert_rate,gas,GDP,child_death,life_expect,lang,health_cost,pop,tax_rev,unemploy,lat,lat
Afghanistan,58.1,652230.0,32.49,Kabul,8672.0,149.9,2.3,4.47,0.7,19101.353833,47.9,64.5,Pashto,78.4,38041754.0,9.3,11.12,33.93911,67.709953
Albania,43.1,28748.0,11.78,Tirana,4536.0,119.05,1.4,1.62,1.36,15278.077447,7.8,78.5,Albanian,56.9,2854191.0,18.6,12.33,41.153332,20.168331
Algeria,17.4,2381741.0,24.28,Algiers,150006.0,151.36,2.0,3.02,0.28,169988.236398,20.1,76.7,Arabic,28.1,43053054.0,37.2,11.7,28.033886,1.659626
Angola,47.5,1246700.0,40.73,Luanda,34693.0,261.73,17.1,5.52,0.97,94635.41587,51.6,60.8,Portuguese,33.4,31825295.0,9.2,6.89,-11.202692,17.873887
Antigua and Barbuda,20.5,443.0,15.33,St. John's,557.0,113.81,1.2,1.99,0.99,1727.759259,5.0,76.9,English,24.3,97118.0,16.5,,17.060816,-61.796428
Argentina,54.3,2780400.0,17.02,Buenos Aires,201348.0,232.75,53.5,2.26,1.1,449663.446954,8.8,76.5,Spanish,17.6,44938712.0,10.1,9.79,-38.416097,-63.616672
Armenia,58.9,29743.0,13.99,Yerevan,5156.0,129.18,1.4,1.76,0.77,13672.802158,11.0,74.9,Armenian,81.6,2957731.0,20.9,16.99,40.069099,45.038189
Australia,48.2,7741220.0,12.6,Canberra,375908.0,119.8,1.6,1.74,0.93,1392680.589329,3.1,82.7,nan,19.6,25766605.0,23.0,5.27,-25.274398,133.775136
Austria,32.4,83871.0,9.7,Vienna,61448.0,118.06,1.5,1.47,1.2,446314.739528,2.9,81.6,German,17.9,8877067.0,25.4,4.67,47.516231,14.550072
Azerbaijan,57.7,86600.0,14.0,Baku,37620.0,156.32,2.6,1.73,0.56,39207.0,19.2,72.9,Azerbaijani language,78.6,10023318.0,13.0,5.51,40.143105,47.576927
The Bahamas,1.4,13880.0,13.97,Nassau,1786.0,116.22,2.5,1.75,0.92,12827.0,8.3,73.8,English,27.8,389482.0,14.8,10.36,25.03428,-77.39628
Bahrain,11.1,765.0,13.99,Manama,31694.0,117.59,2.1,1.99,0.43,38574.069149,6.1,77.2,Arabic,25.1,1501635.0,4.2,0.71,26.0667,50.5577
Bangladesh,70.6,148460.0,18.18,Dhaka,84246.0,179.68,5.6,2.04,1.12,302571.254131,25.1,72.3,Bengali,71.8,167310838.0,8.8,4.19,23.684994,90.356331
Barbados,23.3,430.0,10.65,Bridgetown,1276.0,134.09,4.1,1.62,1.81,5209.0,11.3,79.1,English,45.2,287025.0,27.5,10.33,13.193887,-59.543198
Belarus,42.0,207600.0,9.9,Minsk,58280.0,,5.6,1.45,0.6,63080.457023,2.6,74.2,Russian,34.5,9466856.0,14.7,4.59,53.709807,27.953389
Belgium,44.6,30528.0,10.3,City of Brussels,96889.0,117.11,1.4,1.62,1.43,529606.710418,2.9,81.6,French,17.6,11484055.0,24.0,5.59,50.503887,4.469936
Belize,7.0,22966.0,20.79,Belmopan,568.0,105.68,-0.9,2.31,1.13,1879.6136,11.2,74.5,English,22.7,390353.0,26.3,6.41,17.189877,-88.49765
Benin,33.3,112622.0,36.22,Porto-Novo,6476.0,110.71,-0.9,4.84,0.72,14390.709095,60.5,61.5,French,40.5,11801151.0,10.8,2.23,9.30769,2.315834
Bhutan,13.6,38394.0,17.26,Thimphu,1261.0,167.18,2.7,1.98,0.98,2446.674101,24.8,71.5,Dzongkha,19.8,727145.0,16.0,2.34,27.514162,90.433601
Bolivia,34.8,1098581.0,21.75,Sucre,21606.0,148.32,1.8,2.73,0.71,40895.322865,21.8,71.2,Spanish,25.9,11513100.0,17.0,3.5,-16.290154,-63.588653
Bosnia and Herzegovina,43.1,51197.0,8.11,Sarajevo,21848.0,104.9,0.6,1.27,1.05,20047.848435,5.0,77.3,Bosnian,28.6,3301000.0,20.4,18.42,43.915886,17.679076
Botswana,45.6,581730.0,24.82,Gaborone,6340.0,149.75,2.8,2.87,0.71,18340.510789,30.0,69.3,English,5.3,2346179.0,19.5,18.19,-22.328474,24.684866
Brazil,33.9,8515770.0,13.92,Bras���,462299.0,167.4,3.7,1.73,1.02,1839758.040766,12.8,75.7,Portuguese,28.3,212559417.0,14.2,12.08,-14.235004,-51.92528
Brunei,2.7,5765.0,14.9,Bandar Seri Begawan,7664.0,99.03,-0.4,1.85,0.37,13469.422941,9.8,75.7,Malay,6.0,433285.0,,9.12,4.535277,114.727669
Bulgaria,46.3,110879.0,8.9,Sofia,41708.0,114.42,3.1,1.56,1.11,86000.0,5.9,74.9,Bulgarian,47.7,6975761.0,20.2,4.34,42.733883,25.48583
Burkina Faso,44.2,274200.0,37.93,Ouagadougou,3418.0,106.58,-3.2,5.19,0.98,15745.810235,49.0,61.2,French,36.1,20321378.0,15.0,6.26,12.238333,-1.561593
Burundi,79.2,27830.0,39.01,Bujumbura,495.0,182.11,-0.7,5.41,1.21,3012.334882,41.0,61.2,Kirundi,19.1,11530580.0,13.6,1.43,-3.373056,29.918886
Ivory Coast,64.8,322463.0,35.74,Yamoussoukro,9674.0,111.61,-0.9,4.65,0.93,58792.205642,59.4,57.4,French,36.0,25716544.0,11.8,3.32,7.539989,-5.54708
Cape Verde,19.6,4033.0,19.49,Praia,543.0,110.5,1.1,2.27,1.02,1981.845741,16.7,72.8,Portuguese,23.2,483628.0,20.1,12.25,16.5388,-23.0418
Cambodia,30.9,181035.0,22.46,Phnom Penh,9919.0,127.63,2.5,2.5,0.9,27089.389787,24.0,69.6,Khmer language,59.4,16486542.0,17.1,0.68,12.565679,104.990963
Cameroon,20.6,475440.0,35.39,Yaound�,8291.0,118.65,2.5,4.57,1.03,38760.467033,50.6,58.9,French,69.7,25876380.0,12.8,3.38,7.369722,12.354722
Canada,6.9,9984670.0,10.1,Ottawa,544894.0,116.76,1.9,1.5,0.81,1736425.62952,4.3,81.9,French,14.6,36991981.0,12.8,5.56,56.130366,-106.346771
Central African Republic,8.2,622984.0,35.35,Bangui,297.0,186.86,37.1,4.72,1.41,2220.307369,84.5,52.8,French,39.6,4745185.0,8.6,3.68,6.611111,20.939444
Chad,39.7,1284000.0,42.17,N'Djamena,1016.0,117.7,-1.0,5.75,0.78,11314.951343,71.4,54.0,French,56.4,15946876.0,,1.89,15.454166,18.732207
Chile,21.2,756096.0,12.43,Santiago,85822.0,131.91,2.6,1.65,1.03,282318.159745,6.2,80.0,Spanish,32.2,18952038.0,18.2,7.09,-35.675147,-71.542969
China,56.2,9596960.0,10.9,Beijing,9893038.0,125.08,2.9,1.69,0.96,19910000.0,7.4,77.0,Standard Chinese,32.4,1397715000.0,9.4,4.32,35.86166,104.195397
Colombia,40.3,1138910.0,14.88,Bogot�,97814.0,140.95,3.5,1.81,0.68,323802.808108,12.2,77.1,Spanish,18.3,50339443.0,14.4,9.71,4.570868,-74.297333
Comoros,71.5,2235.0,31.88,Moroni,202.0,103.62,-4.3,4.21,,1185.728677,51.3,64.1,French,74.8,850886.0,,4.34,-11.6455,43.3333
Republic of the Congo,31.1,342000.0,32.86,Brazzaville,3282.0,124.74,2.2,4.43,0.97,10820.591131,36.2,64.3,French,43.8,5380508.0,9.0,9.47,-0.228021,15.827659
Costa Rica,34.5,51100.0,13.97,San Jos������,8023.0,128.85,2.1,1.75,0.98,61773.944174,7.6,80.1,Spanish,21.5,5047561.0,13.6,11.85,9.748917,-83.753428
Croatia,27.6,56594.0,9.0,Zagreb,17488.0,109.82,0.8,1.47,1.26,60415.553039,4.0,78.1,Croatian,15.2,4067500.0,22.0,6.93,45.1,15.2
Cyprus,12.2,9251.0,10.46,Nicosia,6626.0,102.51,0.3,1.33,1.23,24564.647935,1.9,80.8,Greek,43.9,1198575.0,24.5,7.27,35.126413,33.429859
Czech Republic,45.2,78867.0,10.7,Prague,102218.0,116.48,2.8,1.69,1.17,246489.245495,2.7,79.0,Czech,14.8,10669709.0,14.9,1.93,49.817492,15.472962
Democratic Republic of the Congo,11.6,2344858.0,41.18,Kinshasa,2021.0,133.85,2.9,5.92,1.49,47319.624204,68.2,60.4,French,37.4,86790567.0,10.7,4.24,-4.038333,21.758664
Denmark,62.0,43094.0,10.6,Copenhagen,31786.0,110.35,0.8,1.73,1.55,348078.018464,3.6,81.0,Danish,13.7,5818553.0,32.4,4.91,56.26392,9.501785
Djibouti,73.4,23200.0,21.47,Djibouti City,620.0,120.25,3.3,2.73,1.32,3318.716359,49.8,66.6,French,20.4,973560.0,,10.3,11.825138,42.590275
Dominica,33.3,751.0,12.0,Roseau,180.0,103.87,1.0,1.9,,596.033333,32.9,76.6,English,28.4,71808.0,22.1,,15.414999,-61.370976
Dominican Republic,48.7,48670.0,19.51,Santo Domingo,25258.0,135.5,1.8,2.35,1.07,88941.298258,24.1,73.9,Spanish,43.7,10738958.0,13.0,5.84,18.735693,-70.162651
Ecuador,22.2,283561.0,19.72,Quito,41155.0,124.14,0.3,2.43,0.61,107435.665,12.2,76.8,Spanish,43.7,17373662.0,,3.97,-1.831239,-78.183406
Egypt,3.8,1001450.0,26.38,Cairo,238560.0,288.57,9.2,3.33,0.4,303175.127598,18.1,71.8,Modern Standard Arabic,62.0,100388073.0,12.5,10.76,26.820553,30.802498
El Salvador,76.4,21041.0,18.25,San Salvador,7169.0,111.23,0.1,2.04,0.83,27022.64,11.8,73.1,Spanish,27.9,6453553.0,18.1,4.11,13.794185,-88.89653
Equatorial Guinea,10.1,28051.0,33.24,Malabo,5655.0,124.35,1.2,4.51,,11026.774945,62.6,58.4,Spanish,72.0,1355986.0,6.1,6.43,1.650801,10.267895
Estonia,23.1,45228.0,10.9,Tallinn,16590.0,122.14,2.3,1.59,1.14,31386.949981,2.1,78.2,Estonian,22.8,1331824.0,20.9,5.11,58.595272,25.013607
Ethiopia,36.3,1104300.0,32.34,Addis Ababa,14870.0,143.86,15.8,4.25,0.75,96107.662398,39.1,66.2,Amharic,37.8,112078730.0,7.5,2.08,9.145,40.489673
Fiji,23.3,18274.0,21.28,Suva,2046.0,132.3,1.8,2.77,0.82,5535.548972,21.6,67.3,Fiji Hindi,21.4,889953.0,24.2,4.1,-17.713371,178.065032
Finland,7.5,338145.0,8.6,Helsinki,45871.0,112.33,1.0,1.41,1.45,268761.201365,1.4,81.7,Swedish,19.9,5520314.0,20.8,6.59,61.92411,25.748151
France,52.4,643801.0,11.3,Paris,303276.0,110.05,1.1,1.88,1.39,2715518.274227,3.4,82.5,French,6.8,67059887.0,24.2,8.43,46.227638,2.213749
Gabon,20.0,267667.0,31.61,Libreville,5321.0,122.19,2.1,3.97,0.92,16657.960228,32.7,66.2,French,25.9,2172579.0,10.2,20.0,-0.803689,11.609444
The Gambia,59.8,11300.0,38.54,Banjul,532.0,172.73,7.1,5.22,1.18,1763.819048,39.0,61.7,English,20.3,2347706.0,9.4,9.06,13.443182,-15.310139
Georgia,34.5,69700.0,13.47,Tbilisi,10128.0,133.61,4.9,2.06,0.76,17743.19577,8.7,73.6,Georgian,57.3,3720382.0,21.7,14.4,42.315407,43.356892
Germany,47.7,357022.0,9.5,Berlin,727973.0,112.85,1.4,1.56,1.39,3845630.030824,3.1,80.9,German,12.5,83132799.0,11.5,3.04,51.165691,10.451526
Ghana,69.0,238533.0,29.41,Accra,16670.0,268.36,7.2,3.87,0.92,66983.634224,34.9,63.8,English,36.1,30792608.0,12.6,4.33,7.946527,-1.023194
Greece,47.6,131957.0,8.1,Athens,62434.0,101.87,0.2,1.35,1.54,209852.761469,3.6,81.3,Greek,35.5,10716322.0,26.2,17.24,39.074208,21.824312
Grenada,23.5,349.0,16.47,St. George's,268.0,107.43,0.8,2.06,1.12,1228.17037,13.7,72.4,English,57.0,112003.0,19.4,,12.1165,-61.679
Guatemala,36.0,108889.0,24.56,Guatemala City,16777.0,142.92,3.7,2.87,0.79,76710.38588,22.1,74.1,Spanish,55.8,16604026.0,10.6,2.46,15.783471,-90.230759
Guinea,59.0,245857.0,36.36,Conakry,2996.0,262.95,9.5,4.7,0.9,13590.281809,64.9,61.2,French,54.5,12771246.0,10.8,4.3,9.945587,-9.696645
Guinea-Bissau,58.0,36125.0,35.13,Bissau,293.0,111.65,1.4,4.48,,1340.389411,54.0,58.0,Portuguese,37.2,1920922.0,10.3,2.47,11.803749,-15.180413
Guyana,8.6,214969.0,19.97,Georgetown,2384.0,116.19,2.1,2.46,0.9,4280.443645,25.1,69.8,English,40.5,782766.0,,11.85,4.860416,-58.93018
Haiti,66.8,27750.0,24.35,Port-au-Prince,2978.0,179.29,12.5,2.94,0.81,8498.981821,49.5,63.7,French,36.3,11263077.0,,13.78,18.971187,-72.285215
Honduras,28.9,112090.0,21.6,Tegucigalpa,9813.0,150.34,4.4,2.46,0.98,25095.395475,15.1,75.1,Spanish,49.1,9746117.0,17.3,5.39,15.199999,-86.241905
Hungary,58.4,93028.0,9.6,Budapest,45537.0,121.64,3.3,1.54,1.18,160967.157504,3.6,75.8,Hungarian,29.0,9769949.0,23.0,3.4,47.162494,19.503304
Iceland,18.7,103000.0,12.0,Reykjav��,2065.0,129.0,3.0,1.71,1.69,24188.035739,1.5,82.7,Icelandic,17.0,361313.0,23.3,2.84,64.963051,-19.020835
India,60.4,3287263.0,17.86,New Delhi,2407672.0,180.44,7.7,2.22,0.97,2611000.0,29.9,69.4,Hindi,65.1,1366417754.0,11.2,5.36,20.593684,78.96288
Indonesia,31.5,1904569.0,18.07,Jakarta,563325.0,151.18,3.0,2.31,0.63,1119190.780753,21.1,71.5,Indonesian,48.3,270203917.0,10.2,4.69,-0.789275,113.921327
Iran,28.2,1648195.0,18.78,Tehran,661710.0,550.93,39.9,2.14,0.4,445345.282123,12.4,76.5,Persian,39.7,82913906.0,7.4,11.38,32.427908,53.688046
Iraq,21.4,438317.0,29.08,Baghdad,190061.0,119.86,0.4,3.67,0.61,234094.042939,22.5,70.5,Arabic,76.5,39309783.0,2.0,12.82,33.223191,43.679291
Republic of Ireland,64.5,70273.0,12.5,Dublin,37711.0,106.58,0.9,1.75,1.37,388698.711348,3.1,82.3,Irish,15.2,5007069.0,18.3,4.93,53.41291,-8.24389
Israel,24.6,20770.0,20.8,Jerusalem,65166.0,108.15,0.8,3.09,1.57,395098.666122,3.0,82.8,Hebrew,24.4,9053300.0,23.1,3.86,31.046051,34.851612
Italy,43.2,301340.0,7.3,Rome,320411.0,110.62,0.6,1.29,1.61,2001244.392042,2.6,82.9,Italian,22.8,60297396.0,24.3,9.89,41.87194,12.56738
Jamaica,41.0,10991.0,16.1,Kingston,8225.0,162.47,3.9,1.98,1.11,16458.071068,12.4,74.4,Jamaican English,23.7,2948279.0,26.8,8.0,18.109581,-77.297508
Japan,12.3,377944.0,7.4,Tokyo,1135886.0,105.48,0.5,1.42,1.06,5081769.54238,1.8,84.2,nan,13.1,126226568.0,11.9,2.29,36.204824,138.252924
Jordan,12.0,89342.0,21.98,Amman,25108.0,125.6,0.8,2.76,1.1,43743.661972,13.9,74.4,Arabic,25.1,10101694.0,15.1,14.72,30.585164,36.238414
Kazakhstan,80.4,2724900.0,21.77,Astana,247207.0,182.75,5.2,2.84,0.42,180161.74118,8.8,73.2,Russian,38.8,18513930.0,11.7,4.59,48.019573,66.923684
Kenya,48.5,580367.0,28.75,Nairobi,17910.0,180.51,4.7,3.49,0.95,95503.088538,30.6,66.3,Swahili,33.4,52573973.0,15.1,2.64,-0.023559,37.906193
Kiribati,42.0,811.0,27.89,South Tarawa,66.0,99.55,0.6,3.57,,194.647202,41.2,68.1,English,0.2,117606.0,22.0,,1.8368976,-157.3768317
Kuwait,8.4,17818.0,13.94,Kuwait City,98734.0,126.6,1.1,2.08,0.35,134761.198946,6.7,75.4,Modern Standard Arabic,14.4,4207083.0,1.4,2.18,29.31166,47.481766
Kyrgyzstan,55.0,199951.0,27.1,Bishkek,9787.0,155.68,1.1,3.3,0.56,8454.619608,16.9,71.4,Russian,48.2,6456900.0,18.0,6.33,41.20438,74.766098
Laos,10.3,236800.0,23.55,Vientiane,17763.0,135.87,3.3,2.67,0.93,18173.839128,37.6,67.6,Lao,45.4,7169455.0,12.9,0.63,19.85627,102.495496
Latvia,31.1,64589.0,10.0,Riga,7004.0,116.86,2.8,1.6,1.16,34117.202555,3.3,74.7,Latvian,41.6,1912789.0,22.9,6.52,56.879635,24.603189
Lebanon,64.3,10400.0,17.55,Beirut,24796.0,130.02,3.0,2.09,0.74,53367.042272,6.4,78.9,Arabic,32.1,6855713.0,15.3,6.23,33.854721,35.862285
Lesotho,77.6,30355.0,26.81,Maseru,2512.0,155.86,5.2,3.14,0.7,2460.072444,65.7,53.7,English,16.9,2125268.0,31.6,23.41,-29.609988,28.233608
Liberia,28.0,111369.0,33.04,Monrovia,1386.0,223.13,23.6,4.32,0.8,3070.5181,53.5,63.7,English,19.6,4937374.0,12.9,2.81,6.428055,-9.429499
Libya,8.7,1759540.0,18.83,nan,50564.0,125.71,2.6,2.24,0.11,52076.250948,10.2,72.7,Arabic,36.7,6777452.0,,18.56,26.3351,17.228331
Lithuania,47.2,65300.0,10.0,Vilnius,12963.0,118.38,2.3,1.63,1.16,54219.3156,3.3,75.7,Lithuanian,32.1,2786844.0,16.9,6.35,55.169438,23.881275
Luxembourg,53.7,2586.0,10.3,Luxembourg City,8988.0,115.09,1.7,1.37,1.19,71104.919108,1.9,82.1,Luxembourgish,10.6,645397.0,26.5,5.36,49.815273,6.129583
Madagascar,71.2,587041.0,32.66,Antananarivo,3905.0,184.33,5.6,4.08,1.11,14083.906357,38.2,66.7,French,21.7,26969307.0,10.2,1.76,-18.766947,46.869107
Malawi,61.4,118484.0,34.12,Lilongwe,1298.0,418.34,9.4,4.21,1.15,7666.704427,35.3,63.8,English,11.0,18628747.0,17.3,5.65,-13.254308,34.301525
Malaysia,26.3,329847.0,16.75,Kuala Lumpur,248289.0,121.46,0.7,2.0,0.45,364701.517788,6.7,76.0,Malaysian language,36.7,32447385.0,12.0,3.32,4.210484,101.975766
Maldives,26.3,298.0,14.2,Mal�,1445.0,99.7,0.2,1.87,1.63,5729.248472,7.4,78.6,Divehi,16.4,530953.0,19.5,6.14,3.202778,73.22068
Mali,33.8,1240192.0,41.54,Bamako,3179.0,108.73,-1.7,5.88,1.12,17510.141171,62.0,58.9,French,46.3,19658031.0,11.6,7.22,17.570692,-3.996166
Malta,32.4,316.0,9.2,Valletta,1342.0,113.45,1.6,1.23,1.36,14786.156563,6.1,82.3,Maltese,37.1,502653.0,26.2,3.47,35.937496,14.375416
Mauritania,38.5,1030700.0,33.69,Nouakchott,2739.0,135.02,2.3,4.56,1.13,7593.75245,51.5,64.7,Arabic,48.2,4525696.0,,9.55,21.00789,-10.940835
Mauritius,42.4,2040.0,10.2,Port Louis,4349.0,129.91,0.4,1.41,1.12,14180.444557,13.6,74.4,French,50.7,1265711.0,19.1,6.67,-20.348404,57.552152
Mexico,54.6,1964375.0,17.6,Mexico City,486406.0,141.54,3.6,2.13,0.73,1258286.717125,11.0,75.0,nan,41.4,126014024.0,13.1,3.42,23.634501,-102.552784
Federated States of Micronesia,31.4,702.0,22.82,Palikir,143.0,112.1,0.5,3.05,,401.932279,25.6,67.8,English,2.5,113815.0,25.2,,7.425554,150.550812
Moldova,74.2,33851.0,10.1,Chi����,5115.0,166.2,4.8,1.26,0.8,11955.435457,13.6,71.8,Romanian,46.2,2657637.0,17.7,5.47,47.411631,28.369885
Mongolia,71.5,1564116.0,24.13,Ulaanbaatar,25368.0,195.76,7.3,2.9,0.72,13852.850259,14.0,69.7,Mongolian,39.3,3225167.0,16.8,6.01,46.862496,103.846656
Montenegro,19.0,13812.0,11.73,Podgorica,2017.0,116.32,2.6,1.75,1.16,5494.736901,2.3,76.8,Montenegrin language,31.8,622137.0,,14.88,42.708678,19.37439
Morocco,68.5,446550.0,18.94,Rabat,61276.0,111.07,0.2,2.42,0.99,118725.279596,19.2,76.5,Arabic,53.1,36910560.0,21.9,9.02,31.791702,-7.09262
Mozambique,63.5,799380.0,37.52,Maputo,7943.0,182.31,2.8,4.85,0.65,14934.159926,54.0,60.2,Portuguese,6.8,30366036.0,0.0,3.24,-18.665695,35.529562
Myanmar,19.5,676578.0,17.55,Naypyidaw,25280.0,168.18,8.8,2.15,0.54,76085.852617,36.8,66.9,Burmese,73.9,54045420.0,5.4,1.58,21.916221,95.955974
Namibia,47.1,824292.0,28.64,Windhoek,4228.0,157.97,3.7,3.4,0.76,12366.527719,29.0,63.4,English,8.3,2494530.0,27.1,20.27,-22.95764,18.49041
Nepal,28.7,147181.0,19.89,Kathmandu,9105.0,188.73,5.6,1.92,0.91,30641.380604,26.7,70.5,Nepali,60.4,28608710.0,20.7,1.41,28.394857,84.124008
Netherlands,53.3,41543.0,9.7,Amsterdam,170780.0,115.91,2.6,1.59,1.68,909070.395161,3.3,81.8,Dutch,12.3,17332850.0,23.0,3.2,52.132633,5.291266
New Zealand,40.5,268838.0,11.98,Wellington,34382.0,114.24,1.6,1.71,1.4,206928.765544,4.7,81.9,English,12.6,4841000.0,29.0,4.07,-40.900557,174.885971
Nicaragua,42.1,130370.0,20.64,Managua,5592.0,162.74,5.4,2.4,0.91,12520.915291,15.7,74.3,Spanish,36.0,6545502.0,15.6,6.84,12.865416,-85.207229
Niger,36.1,1267000.0,46.08,Niamey,2017.0,109.32,-2.5,6.91,0.88,12928.14512,48.0,62.0,French,52.3,23310715.0,11.8,0.47,17.607789,8.081666
Nigeria,77.7,923768.0,37.91,Abuja,120369.0,267.51,11.4,5.39,0.46,448120.428859,75.7,54.3,English,72.2,200963599.0,1.5,8.1,9.081999,8.675277
Norway,2.7,323802.0,10.4,Oslo,41023.0,120.27,2.2,1.56,1.78,403336.363636,2.1,82.8,Norwegian,14.3,5347896.0,23.9,3.35,60.472024,8.468946
Oman,4.6,309500.0,19.19,Muscat,63457.0,113.53,0.1,2.89,0.45,76983.094928,9.8,77.6,Arabic,6.4,5266535.0,2.5,2.67,21.4735329,55.975413
Pakistan,47.8,796095.0,28.25,Islamabad,201150.0,182.32,10.6,3.51,0.79,304400.0,57.2,67.1,Urdu,66.5,216565318.0,9.2,4.45,30.375321,69.345116
Palau,10.9,459.0,14.0,Ngerulmud,224.0,118.17,1.3,2.21,,283.9949,16.6,69.1,English,21.8,18233.0,21.3,,7.51498,134.58252
Panama,30.4,75420.0,18.98,Panama City,10715.0,122.07,-0.4,2.46,0.74,66800.8,13.1,78.3,Spanish,30.5,4246439.0,,3.9,8.537981,-80.782127
Papua New Guinea,2.6,462840.0,27.07,Port Moresby,7536.0,155.99,3.6,3.56,1.36,24969.611435,38.0,64.3,Tok Pisin,5.8,8776109.0,13.6,2.46,-6.314993,143.95555
Paraguay,55.1,406752.0,20.57,Asunci��,7407.0,143.82,2.8,2.43,1.04,38145.28894,17.2,74.1,Spanish,36.5,7044636.0,10.0,4.81,-23.442503,-58.443832
Peru,18.5,1285216.0,17.95,Lima,57414.0,129.78,2.1,2.25,0.99,226848.05082,11.1,76.5,Spanish,30.9,32510453.0,14.3,3.31,-9.189967,-75.015152
Philippines,41.7,300000.0,20.55,Manila,122287.0,129.61,2.5,2.58,0.86,376795.50868,22.5,71.1,English,53.5,108116615.0,14.0,2.15,12.879721,121.774017
Poland,46.9,312685.0,10.2,Warsaw,299037.0,114.11,2.2,1.46,1.07,592164.400688,3.8,77.6,Polish,23.2,37970874.0,17.4,3.47,51.919438,19.145136
Portugal,39.5,92212.0,8.5,Lisbon,48742.0,110.62,0.3,1.38,1.54,237686.075635,3.1,81.3,Portuguese,27.7,10269417.0,22.8,6.33,39.399872,-8.224454
Qatar,5.8,11586.0,9.54,Doha,103259.0,115.38,-0.7,1.87,0.4,183466.208791,5.8,80.1,Arabic,6.2,2832067.0,14.7,0.09,25.354826,51.183884
Romania,58.8,238391.0,9.6,Bucharest,69259.0,123.78,3.8,1.71,1.16,250077.444017,6.1,75.4,Romanian,21.3,19356544.0,14.6,3.98,45.943161,24.96676
Russia,13.3,17098240.0,11.5,Moscow,1732027.0,180.75,4.5,1.57,0.59,1699876.578871,6.1,72.7,Russian,36.4,144373535.0,11.4,4.59,61.52401,105.318756
Rwanda,73.4,26338.0,31.7,Kigali,1115.0,151.09,3.4,4.04,1.17,10122.47259,27.0,68.7,Swahili,26.0,12626950.0,14.3,1.03,-1.940278,29.873888
Saint Kitts and Nevis,23.1,261.0,12.6,Basseterre,238.0,104.57,-1.0,2.11,,1050.992593,9.8,71.3,English,56.6,52823.0,18.5,,17.357822,-62.782998
Saint Lucia,17.4,616.0,12.0,Castries,414.0,110.13,1.9,1.44,1.3,2122.45063,14.9,76.1,English,48.4,182790.0,18.2,20.71,13.909444,-60.978893
Saint Vincent and the Grenadines,25.6,389.0,14.24,Kingstown,220.0,109.67,2.3,1.89,,825.385185,14.8,72.4,English,21.4,100455.0,25.4,18.88,12.984305,-61.287228
Samoa,12.4,2831.0,24.38,Apia,246.0,117.56,1.0,3.88,0.91,850.655017,13.6,73.2,Samoan,11.5,202506.0,25.5,8.36,-13.759029,-172.104629
Saudi Arabia,80.8,2149690.0,17.8,Riyadh,563449.0,118.4,-1.2,2.32,0.24,792966.838162,6.0,75.0,Arabic,15.0,34268528.0,8.9,5.93,23.885942,45.079162
Senegal,46.1,196722.0,34.52,Dakar,10902.0,109.25,1.8,4.63,1.14,23578.084052,31.8,67.7,French,44.2,16296364.0,16.3,6.6,14.497401,-14.452362
Serbia,39.3,77474.0,9.2,Belgrade,45221.0,144.0,1.8,1.49,1.16,51409.167351,4.8,75.5,Serbian,40.6,6944975.0,18.6,12.69,44.016521,21.005859
Seychelles,3.4,455.0,17.1,Victoria,605.0,129.96,1.8,2.41,,1698.843063,12.4,72.8,French,2.5,97625.0,34.1,,-4.679574,55.491977
Sierra Leone,54.7,71740.0,33.41,Freetown,1093.0,234.16,14.8,4.26,1.08,3941.474311,78.5,54.3,English,38.2,7813215.0,8.6,4.43,8.460555,-11.779889
Singapore,0.9,716.0,8.8,nan,37535.0,114.41,0.6,1.14,1.25,372062.527489,2.3,83.1,Malay,36.7,5703569.0,13.1,4.11,1.352083,103.819836
Slovakia,39.2,49035.0,10.6,Bratislava,32424.0,115.34,2.7,1.52,1.32,105422.304976,4.6,77.2,Slovak,18.4,5454073.0,18.7,5.56,48.669026,19.699024
Slovenia,30.7,20273.0,9.4,Ljubljana,12633.0,111.05,1.6,1.6,1.32,53742.159517,1.7,81.0,Slovene language,12.5,2087946.0,18.6,4.2,46.151241,14.995463
Solomon Islands,3.9,28896.0,32.44,Honiara,169.0,133.06,1.6,4.4,,1425.074226,17.1,72.8,English,3.3,669823.0,29.5,0.58,-9.64571,160.156194
South Africa,79.8,1219090.0,20.51,Pretoria,476644.0,158.93,4.1,2.41,0.92,351431.649241,28.5,63.9,Afrikaans,7.7,58558270.0,27.5,28.18,-30.559482,22.937506
South Korea,17.4,99720.0,6.4,Seoul,620302.0,115.16,0.4,0.98,1.22,2029000.0,2.7,82.6,Korean,36.8,51709098.0,15.6,4.15,35.907757,127.766922
South Sudan,,644329.0,35.01,Juba,1727.0,4583.71,187.9,4.7,0.28,11997.800751,63.7,57.6,English,61.3,11062113.0,,12.24,6.8769919,31.3069788
Spain,52.6,505370.0,7.9,Madrid,244002.0,110.96,0.7,1.26,1.26,1394116.310769,2.5,83.3,Spanish,24.2,47076781.0,14.2,13.96,40.463667,-3.74922
Sri Lanka,43.7,65610.0,15.83,Colombo,23362.0,155.53,3.5,2.2,0.88,84008.783756,6.4,76.8,Tamil,38.4,21803000.0,11.9,4.2,7.873054,80.771797
Sudan,28.7,1861484.0,32.18,Khartoum,20000.0,1344.19,51.0,4.41,0.95,18902.284476,42.1,65.1,Arabic,63.2,42813238.0,8.0,16.53,12.862807,30.217636
Suriname,0.6,163820.0,18.54,Paramaribo,1738.0,294.66,22.0,2.42,1.29,3985.250737,16.9,71.6,Dutch,10.1,581372.0,19.5,7.33,3.919305,-56.027783
Sweden,7.4,450295.0,11.4,Stockholm,43252.0,110.51,1.8,1.76,1.42,530832.908738,2.2,82.5,Swedish,15.2,10285453.0,27.9,6.48,60.128161,18.643501
Switzerland,38.4,41277.0,10.0,Bern,34477.0,99.55,0.4,1.52,1.45,703082.43536,3.7,83.6,German,28.3,8574832.0,10.1,4.58,46.818188,8.227512
Syria,75.8,185180.0,23.69,Damascus,28830.0,143.2,36.7,2.81,0.83,40405.006007,14.0,71.8,Arabic,53.7,17070135.0,14.2,8.37,34.802075,38.996815
Tajikistan,34.1,144100.0,30.76,Dushanbe,5310.0,148.57,6.0,3.59,0.71,8116.626794,30.4,70.9,Persian,63.1,9321018.0,9.8,11.02,38.861034,71.276093
Tanzania,44.8,947300.0,36.7,Dodoma,11973.0,187.43,3.5,4.89,0.87,63177.068175,37.6,65.0,Swahili,26.1,58005463.0,11.5,1.98,-6.369028,34.888822
Thailand,43.3,513120.0,10.34,Bangkok,283763.0,113.27,0.7,1.53,0.71,543649.976166,7.8,76.9,Thai,11.8,69625582.0,14.9,0.75,15.870032,100.992541
East Timor,25.6,14874.0,29.42,Dili,495.0,145.38,2.6,4.02,1.1,1673.5403,39.3,69.3,Portuguese,10.2,3500000.0,25.0,4.55,-8.874217,125.727539
Togo,70.2,56785.0,33.11,Lom�,3000.0,113.3,0.7,4.32,0.71,5459.979417,47.4,60.8,French,51.0,8082366.0,16.9,2.04,8.619543,0.824782
Tonga,45.8,747.0,24.3,Nuku����,128.0,121.09,7.4,3.56,,450.353314,13.4,70.8,Tongan Language,10.2,100209.0,22.3,1.12,-21.178986,-175.198242
Trinidad and Tobago,10.5,5128.0,12.94,Port of Spain,43868.0,141.75,1.0,1.73,0.54,24100.202834,16.4,73.4,English,37.3,1394973.0,19.5,2.69,10.691803,-61.222503
Tunisia,64.8,163610.0,17.56,Tunis,29937.0,155.33,6.7,2.2,0.73,38797.709924,14.6,76.5,Arabic,39.8,11694719.0,21.1,16.02,33.886917,9.537499
Turkey,49.8,783562.0,16.03,Ankara,372725.0,234.44,15.2,2.07,1.42,754411.708203,9.1,77.4,Turkish,16.9,83429615.0,17.9,13.49,38.963745,35.243322
Uganda,71.9,241038.0,38.14,Kampala,5680.0,173.87,2.9,4.96,0.94,34387.229486,33.8,63.0,Swahili,40.5,44269594.0,11.7,1.84,1.373333,32.290275
Ukraine,71.7,603550.0,8.7,Kyiv,202250.0,281.66,7.9,1.3,0.83,153781.069118,7.5,71.6,Ukrainian,47.8,44385155.0,20.1,8.88,48.379433,31.16558
United Arab Emirates,5.5,83600.0,10.33,Abu Dhabi,206324.0,114.52,-1.9,1.41,0.49,421142.267938,6.5,77.8,Arabic,17.8,9770529.0,0.1,2.35,23.424076,53.847818
United Kingdom,71.7,243610.0,11.0,London,379025.0,119.62,1.7,1.68,1.46,2827113.184696,3.6,81.3,English,14.8,66834405.0,25.5,3.85,55.378051,-3.435973
United States,44.4,9833517.0,11.6,Washington,5006302.0,117.24,7.5,1.73,0.71,21427700.0,5.6,78.5,nan,11.1,328239523.0,9.6,14.7,37.09024,-95.712891
Uruguay,82.6,176215.0,13.86,Montevideo,6766.0,202.92,7.9,1.97,1.5,56045.912952,6.4,77.8,Spanish,16.2,3461734.0,20.1,8.73,-32.522779,-55.765835
Uzbekistan,62.9,447400.0,23.3,Tashkent,91811.0,,,2.42,1.03,57921.28644,19.1,71.6,Uzbek,42.7,33580650.0,14.8,5.92,41.377491,64.585262
Vanuatu,15.3,12189.0,29.6,Port Vila,147.0,117.13,2.8,3.78,1.31,917.058851,22.3,70.3,French,8.9,299882.0,17.8,4.39,-15.376706,166.959158
Venezuela,24.5,912050.0,17.88,Caracas,164175.0,2740.27,254.9,2.27,0.0,482359.318768,21.4,72.1,Spanish,45.8,28515829.0,,8.8,6.42375,-66.58973
Vietnam,39.3,331210.0,16.75,Hanoi,192668.0,163.52,2.8,2.05,0.8,261921.244843,16.5,75.3,Vietnamese,43.5,96462106.0,19.1,2.01,14.058324,108.277199
Yemen,44.6,527968.0,30.45,Sanaa,10609.0,157.58,8.1,3.79,0.92,26914.402224,42.9,66.1,Arabic,81.0,29161922.0,,12.91,15.552727,48.516388
Zambia,32.1,752618.0,36.19,Lusaka,5141.0,212.31,9.2,4.63,1.4,23064.722446,40.4,63.5,English,27.5,17861030.0,16.2,11.43,-13.133897,27.849332
Zimbabwe,41.9,390757.0,30.68,Harare,10983.0,105.51,0.9,3.62,1.34,21440.7588,33.9,61.2,Shona,25.8,14645468.0,20.7,4.95,-19.015438,29.154857
